dgile11,Dorothee,Gile,dgile11@npr.org,3Rjyj3o65Kj
cgraben11,Conn,Graben,cgraben21@issuu.com,SF15Bv
ckos11,Cynthia,Kos,ckos1@nifty.com,nLxi4JhZCCyb
bconnealy11,Berk,Connealy,bconnealy1@joomla.org,Yo5J6rF2
jgayter11,Jeniece,Gayter,jgayter1@tmall.com,XpwSF3B
pbigley11,Petronella,Bigley,pbigley1@furl.net,slcBxDSip
kselburn11,Kirsteni,Selburn,kselburn1@nifty.com,jItinv
tstrahan11,Thorny,Strahan,tstrahan1@wikipedia.org,6SkZokU1
hmaryon11,Hugues,Maryon,hmaryon1@spiegel.de,EkFlfyKv
gmatevosian11,Gleda,Matevosian,gmatevosian1@shareasale.com,PXJSs8M
